condition,topology,symmetric,n_edges,frac_negative,weight_mean_abs,weight_max_abs,spectral_radius,frac_real_eigenvalues
undirected_gaussian,undirected,True,6000,0.5213333333333333,0.8001641829246467,3.899421730054339,11.861795848409987,1.0
undirected_empirical_signed,undirected,True,6000,0.47833333333333333,6.929333333333333,75.0,238.25630191861518,1.0
undirected_empirical,undirected,True,6000,0.0,6.929333333333333,75.0,316.9655388619989,1.0
directed_gaussian,directed,False,3669,0.5143090760425184,0.8018189902836833,3.899421730054339,4.32521482575358,0.10666666666666667
directed_empirical_signed,directed,False,3669,0.4854183701281003,5.665849005178523,75.0,52.22829616531536,0.12
directed_empirical,directed,False,3669,0.0,5.665849005178523,75.0,105.14131814048318,0.17333333333333334
directed_empirical_dale,directed,False,3669,0.035704551648950665,5.665849005178523,75.0,103.94066897773538,0.18
